neighbourhood_group_cleansed,mean_score
Central Region,151.4152791380999
East Region,38.09437751004016
North-East Region,28.451895043731778
North Region,17.367816091954023
West Region,23.878706199460918
